variant	minor_allele	minor_AF	expected_case_minor_AC	low_confidence_variant	n_complete_samples	AC	ytx	beta	se	tstat	pval
1:15791:C:T	T	5.42941e-09	3.09477e-06	true	361141	3.92157e-03	0.00000e+00	-5.37487e-01	7.15663e+00	-7.51033e-02	9.40133e-01
1:69487:G:A	A	5.74975e-06	3.27736e-03	true	361141	4.15294e+00	0.00000e+00	-1.18566e-03	1.40181e-02	-8.45807e-02	9.32595e-01
1:69569:T:C	C	1.87765e-04	1.07026e-01	true	361141	1.35620e+02	0.00000e+00	-8.79535e-04	2.51409e-03	-3.49843e-01	7.26457e-01
1:139853:C:T	T	5.66288e-06	3.22784e-03	true	361141	4.09020e+00	0.00000e+00	-1.16717e-03	1.40186e-02	-8.32591e-02	9.33646e-01
1:692794:CA:C	C	1.10637e-01	6.30628e+01	false	361141	7.99108e+04	6.03608e+01	-4.40653e-05	1.16122e-04	-3.79475e-01	7.04336e-01
1:693731:A:G	G	1.15823e-01	6.60191e+01	false	361141	8.36568e+04	6.42588e+01	-2.40480e-05	1.09725e-04	-2.19167e-01	8.26520e-01
1:707522:G:C	C	9.72984e-02	5.54601e+01	false	361141	7.02769e+04	5.43176e+01	-1.70131e-05	1.23352e-04	-1.37923e-01	8.90302e-01
1:717587:G:A	A	1.56864e-02	8.94126e+00	true	361141	1.13300e+04	1.10275e+01	2.31958e-04	2.94350e-04	7.88035e-01	4.30677e-01
1:723329:A:T	T	1.73342e-03	9.88051e-01	true	361141	1.25202e+03	7.05882e-02	-8.61346e-04	8.68394e-04	-9.91883e-01	3.21255e-01
1:730087:T:C	C	5.64574e-02	3.21807e+01	false	361141	4.07782e+04	2.86980e+01	-1.01348e-04	1.52862e-04	-6.63004e-01	5.07328e-01
1:731718:T:C	C	1.21731e-01	6.93865e+01	false	361141	8.79239e+04	6.84078e+01	-1.00549e-05	1.04063e-04	-9.66229e-02	9.23026e-01
1:732032:A:C	C	1.21162e-01	6.90625e+01	false	361141	8.75133e+04	6.79176e+01	-1.50923e-05	1.11004e-04	-1.35961e-01	8.91852e-01
1:734349:T:C	C	1.20958e-01	6.89458e+01	false	361141	8.73654e+04	6.79725e+01	-1.00076e-05	1.04119e-04	-9.61173e-02	9.23427e-01
1:740284:C:T	T	5.78370e-03	3.29671e+00	true	361141	4.17746e+03	2.80000e+00	-1.11955e-04	4.76375e-04	-2.35014e-01	8.14198e-01
1:742813:C:T	T	1.87812e-03	1.07053e+00	true	361141	1.35653e+03	1.13725e-01	-1.02270e-03	8.99529e-04	-1.13693e+00	2.55570e-01
1:749963:T:TAA	T	1.30250e-01	7.42425e+01	false	361141	6.28205e+05	4.96675e+02	1.01418e-05	1.02644e-04	9.88054e-02	9.21293e-01
1:750230:G:C	C	1.53042e-03	8.72340e-01	true	361141	1.10540e+03	8.98039e-01	-8.11290e-06	9.29140e-04	-8.73163e-03	9.93033e-01
1:751343:T:A	A	1.22909e-01	7.00580e+01	false	361141	8.87747e+04	7.09373e+01	1.35003e-05	1.01656e-04	1.32804e-01	8.94348e-01
1:751488:G:GA	GA	1.42706e-01	8.13423e+01	false	361141	1.03074e+05	8.15961e+01	5.30149e-06	1.00481e-04	5.27614e-02	9.57922e-01
1:751756:T:C	C	1.23024e-01	7.01236e+01	false	361141	8.88580e+04	7.09294e+01	1.24952e-05	1.01514e-04	1.23088e-01	9.02037e-01
1:753405:C:A	C	1.29102e-01	7.35884e+01	false	361141	6.29034e+05	4.97918e+02	1.63441e-05	9.89223e-05	1.65221e-01	8.68770e-01
1:753425:T:C	T	1.24521e-01	7.09772e+01	false	361141	6.32342e+05	4.98824e+02	-4.61949e-06	1.00562e-04	-4.59369e-02	9.63361e-01
1:753541:G:A	A	1.28624e-01	7.33156e+01	false	361141	9.29027e+04	7.21686e+01	-1.20489e-05	9.91704e-05	-1.21497e-01	9.03297e-01
1:754105:C:T	T	3.63584e-02	2.07243e+01	true	361141	2.62610e+04	1.80000e+01	-1.29119e-04	1.79919e-04	-7.17649e-01	4.72974e-01
1:754182:A:G	A	1.29509e-01	7.38201e+01	false	361141	6.28740e+05	4.97875e+02	1.85269e-05	9.88194e-05	1.87482e-01	8.51283e-01
1:754192:A:G	A	1.29404e-01	7.37601e+01	false	361141	6.28816e+05	4.97875e+02	1.75231e-05	9.88645e-05	1.77244e-01	8.59317e-01
1:754334:T:C	T	1.29512e-01	7.38218e+01	false	361141	6.28738e+05	4.97890e+02	1.87806e-05	9.88158e-05	1.90057e-01	8.49264e-01
1:754433:G:A	A	5.04412e-03	2.87515e+00	true	361141	3.64327e+03	2.09804e+00	-2.32742e-04	5.07253e-04	-4.58829e-01	6.46358e-01
1:754458:G:T	T	5.01109e-03	2.85632e+00	true	361141	3.61942e+03	2.09804e+00	-2.27371e-04	5.08610e-04	-4.47043e-01	6.54844e-01
1:755435:T:G	G	5.58520e-03	3.18356e+00	true	361141	4.03409e+03	4.42745e+00	4.26541e-04	4.91382e-04	8.68043e-01	3.85371e-01
1:755890:A:T	A	1.29429e-01	7.37748e+01	false	361141	6.28797e+05	4.98008e+02	1.98884e-05	9.86419e-05	2.01622e-01	8.40212e-01
1:756434:G:C	C	1.25978e-01	7.18074e+01	false	361141	9.09916e+04	7.13255e+01	-3.38997e-06	1.00651e-04	-3.36805e-02	9.73132e-01
1:756604:A:G	A	1.29866e-01	7.40237e+01	false	361141	6.28482e+05	4.98000e+02	2.27274e-05	9.84044e-05	2.30959e-01	8.17346e-01
1:757640:G:A	G	1.30579e-01	7.44298e+01	false	361141	6.27967e+05	4.97804e+02	2.50920e-05	9.83147e-05	2.55221e-01	7.98552e-01
1:757734:C:T	C	1.29712e-01	7.39357e+01	false	361141	6.28594e+05	4.97957e+02	2.11390e-05	9.84891e-05	2.14633e-01	8.30053e-01
1:757936:C:A	C	1.29706e-01	7.39324e+01	false	361141	6.28598e+05	4.97937e+02	2.08578e-05	9.84962e-05	2.11763e-01	8.32292e-01
1:758144:A:G	A	1.29697e-01	7.39274e+01	false	361141	6.28604e+05	4.97937e+02	2.08201e-05	9.84992e-05	2.11373e-01	8.32596e-01
1:758626:C:T	C	1.29254e-01	7.36748e+01	false	361141	6.28924e+05	4.97933e+02	1.76776e-05	9.87500e-05	1.79014e-01	8.57927e-01
1:759293:T:A	A	9.88405e-02	5.63391e+01	false	361141	7.13907e+04	5.67765e+01	1.12823e-05	1.14751e-04	9.83196e-02	9.21679e-01
1:759600:AGT:A	A	6.47403e-03	3.69020e+00	true	361141	4.67608e+03	5.21569e+00	4.30582e-04	4.43935e-04	9.69922e-01	3.32086e-01
1:759837:T:A	T	1.25358e-01	7.14542e+01	false	361141	6.31738e+05	4.98643e+02	-1.41674e-06	1.00222e-04	-1.41360e-02	9.88721e-01
1:761732:C:T	C	1.35965e-01	7.75001e+01	false	361141	6.24077e+05	4.93376e+02	9.35414e-06	9.82821e-05	9.51765e-02	9.24175e-01
1:761752:C:T	C	1.30568e-01	7.44238e+01	false	361141	6.27975e+05	4.97075e+02	1.58685e-05	9.92365e-05	1.59906e-01	8.72955e-01
1:762273:G:A	G	1.33623e-01	7.61649e+01	false	361141	6.25769e+05	4.95627e+02	1.92033e-05	9.92566e-05	1.93471e-01	8.46590e-01
1:762485:C:A	A	9.87764e-02	5.63026e+01	false	361141	7.13444e+04	6.18784e+01	1.05552e-04	1.18830e-04	8.88263e-01	3.74400e-01
1:762589:G:C	G	1.28438e-01	7.32095e+01	false	361141	6.29514e+05	4.97341e+02	4.50878e-06	1.00387e-04	4.49138e-02	9.64176e-01
1:762592:C:G	C	1.28438e-01	7.32095e+01	false	361141	6.29514e+05	4.97341e+02	4.50930e-06	1.00387e-04	4.49190e-02	9.64172e-01
1:762601:T:C	T	1.28439e-01	7.32100e+01	false	361141	6.29513e+05	4.97345e+02	4.52860e-06	1.00389e-04	4.51104e-02	9.64019e-01
1:762632:T:A	T	1.28064e-01	7.29967e+01	false	361141	6.29783e+05	4.97369e+02	2.20825e-06	1.00447e-04	2.19843e-02	9.82460e-01
1:764191:T:G	G	1.25555e-01	7.15665e+01	false	361141	9.06863e+04	7.19804e+01	8.10488e-06	1.00526e-04	8.06248e-02	9.35740e-01
1:766007:A:C	C	1.05422e-01	6.00904e+01	false	361141	7.61442e+04	5.79843e+01	-2.92180e-05	1.09436e-04	-2.66986e-01	7.89480e-01
1:766105:T:A	T	1.44617e-01	8.24317e+01	false	361141	6.17828e+05	4.88467e+02	8.27866e-06	9.82450e-05	8.42654e-02	9.32845e-01
1:767393:A:C	C	1.65422e-03	9.42907e-01	true	361141	1.19482e+03	7.05882e-02	-8.19044e-04	8.70261e-04	-9.41147e-01	3.46630e-01
1:768116:A:AGTTTT	A	1.61638e-01	9.21338e+01	false	361141	6.05534e+05	4.69702e+02	-9.17952e-05	9.67866e-05	-9.48429e-01	3.42912e-01
1:768253:A:C	A	2.36641e-01	1.34885e+02	false	361141	5.51361e+05	4.20000e+02	-1.14282e-04	7.78961e-05	-1.46710e+00	1.42349e-01
1:768448:G:A	A	1.05920e-01	6.03743e+01	false	361141	7.65040e+04	7.70000e+01	2.36707e-04	1.07319e-04	2.20564e+00	2.74097e-02
1:768819:C:T	T	7.68507e-03	4.38049e+00	true	361141	5.55079e+03	9.65882e+00	1.03931e-03	3.98711e-04	2.60666e+00	9.14331e-03
1:769138:CAT:C	C	1.28930e-01	7.34902e+01	false	361141	9.31240e+04	7.32471e+01	-5.23604e-07	9.91196e-05	-5.28254e-03	9.95785e-01
1:769223:C:G	G	1.28600e-01	7.33021e+01	false	361141	9.28856e+04	7.30824e+01	-1.50019e-07	9.90281e-05	-1.51492e-03	9.98791e-01
1:769224:G:A	A	1.46198e-03	8.33328e-01	true	361141	1.05596e+03	2.26275e+00	1.59202e-03	9.39522e-04	1.69450e+00	9.01720e-02
1:769963:G:A	A	1.05212e-01	5.99709e+01	false	361141	7.59928e+04	7.58000e+01	2.28658e-04	1.08130e-04	2.11466e+00	3.44593e-02
1:770181:A:G	G	9.07726e-03	5.17404e+00	true	361141	6.55635e+03	9.02745e+00	6.87590e-04	3.81200e-04	1.80375e+00	7.12711e-02
1:770377:A:T	T	7.69969e-03	4.38882e+00	true	361141	5.56135e+03	9.64314e+00	1.04470e-03	4.00480e-04	2.60861e+00	9.09140e-03
1:770886:G:A	A	1.04267e-01	5.94320e+01	false	361141	7.53099e+04	7.70039e+01	2.58455e-04	1.08994e-04	2.37127e+00	1.77274e-02
1:771410:C:T	C	1.69888e-01	9.68364e+01	false	361141	5.99575e+05	4.74973e+02	1.83193e-05	9.64902e-05	1.89857e-01	8.49422e-01
1:771823:T:C	T	1.29873e-01	7.40274e+01	false	361141	6.28477e+05	4.96773e+02	7.18088e-06	9.85846e-05	7.28398e-02	9.41934e-01
1:771967:G:A	A	1.28660e-01	7.33364e+01	false	361141	9.29291e+04	7.32275e+01	1.24516e-06	9.89818e-05	1.25797e-02	9.89963e-01
1:772755:A:C	A	1.29857e-01	7.40188e+01	false	361141	6.28488e+05	4.95737e+02	-5.73965e-06	9.85884e-05	-5.82183e-02	9.53575e-01
1:774736:A:C	A	1.33754e-03	7.62396e-01	true	361141	7.21316e+05	5.69749e+02	6.79743e-04	1.02448e-03	6.63498e-01	5.07012e-01
1:774874:A:C	A	1.29965e-01	7.40801e+01	false	361141	6.28411e+05	4.97478e+02	1.57419e-05	9.93493e-05	1.58451e-01	8.74102e-01
1:775181:A:G	G	1.28679e-01	7.33470e+01	false	361141	9.29425e+04	7.32588e+01	2.32239e-06	9.90045e-05	2.34574e-02	9.81285e-01
1:775659:A:G	A	1.29983e-01	7.40903e+01	false	361141	6.28398e+05	4.95643e+02	-6.48847e-06	9.85425e-05	-6.58444e-02	9.47502e-01
1:776556:C:T	T	8.63304e-03	4.92083e+00	true	361141	6.23549e+03	4.05098e+00	-1.57202e-04	3.71839e-04	-4.22770e-01	6.72464e-01
1:776572:C:T	T	0.00000e+00	0.00000e+00	true	361141	0.00000e+00	0.00000e+00	NaN	NaN	NaN	NaN
1:777122:A:T	A	1.28784e-01	7.34069e+01	false	361141	6.29264e+05	4.95173e+02	-2.16739e-05	9.87699e-05	-2.19438e-01	8.26309e-01
1:777232:C:T	T	9.55761e-02	5.44784e+01	false	361141	6.90329e+04	6.42078e+01	1.55412e-04	1.13719e-04	1.36663e+00	1.71742e-01
1:778745:A:G	G	1.27617e-01	7.27416e+01	false	361141	9.21754e+04	7.49098e+01	3.10663e-05	9.90928e-05	3.13507e-01	7.53896e-01
1:779322:A:G	G	1.27848e-01	7.28731e+01	false	361141	9.23420e+04	7.50000e+01	3.04475e-05	9.89536e-05	3.07695e-01	7.58315e-01
1:780785:T:A	T	1.29742e-01	7.39528e+01	false	361141	6.28572e+05	4.94702e+02	-2.05062e-05	9.86079e-05	-2.07957e-01	8.35263e-01
1:781367:A:C	C	9.77243e-03	5.57029e+00	true	361141	7.05845e+03	2.90980e+00	-4.12534e-04	3.52064e-04	-1.17176e+00	2.41295e-01
1:781845:A:G	G	1.02334e-01	5.83306e+01	false	361141	7.39143e+04	5.91922e+01	1.74678e-05	1.10883e-04	1.57534e-01	8.74824e-01
1:782721:G:A	A	1.47388e-02	8.40112e+00	true	361141	1.06456e+04	7.26667e+00	-1.32399e-04	2.99704e-04	-4.41765e-01	6.58660e-01
1:782981:C:T	T	1.28193e-01	7.30702e+01	false	361141	9.25917e+04	7.45059e+01	2.16178e-05	9.90136e-05	2.18332e-01	8.27171e-01
1:783193:G:C	C	1.46952e-02	8.37628e+00	true	361141	1.06141e+04	7.23137e+00	-1.33866e-04	3.00994e-04	-4.44745e-01	6.56504e-01
1:783194:G:T	T	1.47020e-02	8.38015e+00	true	361141	1.06190e+04	7.23137e+00	-1.34312e-04	3.00962e-04	-4.46274e-01	6.55400e-01
1:783318:A:G	G	1.26459e-01	7.20814e+01	false	361141	9.13388e+04	7.39294e+01	2.77418e-05	9.99558e-05	2.77540e-01	7.81365e-01
1:783711:G:A	A	5.56780e-03	3.17365e+00	true	361141	4.02152e+03	4.00392e+00	2.40668e-04	4.85587e-04	4.95623e-01	6.20161e-01
1:785050:G:A	G	1.29865e-01	7.40230e+01	false	361141	6.28483e+05	4.94827e+02	-1.84821e-05	9.86194e-05	-1.87408e-01	8.51341e-01
1:785989:T:C	T	1.29917e-01	7.40529e+01	false	361141	6.28445e+05	4.94847e+02	-1.79057e-05	9.86841e-05	-1.81445e-01	8.56018e-01
1:786995:G:A	A	1.26916e-01	7.23421e+01	false	361141	9.16691e+04	7.42706e+01	2.84957e-05	9.98644e-05	2.85344e-01	7.75381e-01
1:787185:G:A	G	1.77539e-01	1.01197e+02	false	361141	5.94049e+05	4.74231e+02	5.99060e-05	9.66019e-05	6.20133e-01	5.35171e-01
1:787262:C:G	C	1.27946e-01	7.29291e+01	false	361141	6.29869e+05	4.95733e+02	-2.03630e-05	9.96030e-05	-2.04442e-01	8.38009e-01
1:787399:G:T	G	1.37659e-01	7.84655e+01	false	361141	6.22854e+05	4.88322e+02	-4.30433e-05	9.85857e-05	-4.36608e-01	6.62396e-01
1:787606:G:T	T	1.27421e-01	7.26301e+01	false	361141	9.20340e+04	7.46549e+01	2.93934e-05	9.94474e-05	2.95567e-01	7.67561e-01
1:787685:G:T	G	1.36838e-01	7.79978e+01	false	361141	6.23446e+05	4.90337e+02	-2.42949e-05	9.86648e-05	-2.46237e-01	8.05499e-01
1:787844:C:T	C	1.29266e-01	7.36815e+01	false	361141	6.28916e+05	4.95290e+02	-1.71867e-05	9.90038e-05	-1.73596e-01	8.62183e-01
1:788713:T:C	T	1.31627e-01	7.50275e+01	false	361141	6.27210e+05	4.95514e+02	3.16438e-06	9.90933e-05	3.19333e-02	9.74525e-01
1:789513:GA:G	G	1.24148e-01	7.07642e+01	false	361141	8.96696e+04	7.27882e+01	3.12595e-05	1.02094e-04	3.06184e-01	7.59465e-01
1:790465:G:A	A	9.81966e-02	5.59721e+01	false	361141	7.09257e+04	5.69686e+01	2.11027e-05	1.13701e-04	1.85599e-01	8.52760e-01
